ReservationID,GuestID,RoomNo,StartDate,EndDate
1,1,308,2023/02/02,2023/02/04
2,2,203,2023/02/05,2023/02/10
3,3,305,2023/02/22,2023/02/24
4,4,201,2023/03/06,2023/03/07
5,5,302,2023/03/18,2023/03/23
6,6,202,2023/03/29,2023/03/31
7,7,304,2023/03/31,2023/04/05
8,8,301,2023/04/09,2023/04/13
9,9,207,2023/04/23,2023/04/24
10,10,401,2023/05/30,2023/06/02
11,11,206,2023/06/10,2023/06/14
12,11,208,2023/06/10,2023/06/14
13,5,304,2023/06/17,2023/06/18
14,8,204,2023/07/13,2023/07/14
15,9,401,2023/07/18,2023/07/21
16,2,303,2023/07/28,2023/07/29
17,2,305,2023/08/30,2023/09/01
18,1,208,2023/09/16,2023/09/17
19,4,203,2023/09/13,2023/09/15
20,3,401,2023/11/22,2023/11/25
21,1,206,2023/11/22,2023/11/25
22,1,301,2023/11/22,2023/11/25
23,10,302,2023/12/24,2023/12/28




