RoomNo,PackageID,Type,BasePrice,ExtraPersonCost
201,1,Double,199.99,10,
202,2,Double,174.99,10,
203,1,Double,199.99,10,10
204,2,Double,174.99,10,
205,3,Single,174.99,null,
206,4,Single,174.99,null,
207,3,Single,174.99,null,
208,4,Single,149.99,null,
301,1,Double,199.99,10,
302,2,Double,174.99,10,
303,1,Double,199.99,10,
304,2,Double,174.99,10,
305,3,Single,174.99,null,
306,4,Single,149.99,null,
307,3,Single,174.99,null,
308,4,Single,149,null,null
401,5,Suite,399.99,20,
402,5,Suite,399.99,20,
